dayOfWeek,hourOfDay,P1,P2,year,month
Tuesday,16,1.7399999999999998,0.675,2019,5
Tuesday,17,2.49,0.75,2019,5
Tuesday,18,2.1,0.8775000000000001,2019,5
